Categoría,Producto,Variante,Precio publicado,Página PDF,Foto
Entradas,Papas bravas,,95,1,Pendiente
Entradas,Camarones Nueva Orleans,,240,1,Pendiente
Entradas,Papas gratinadas,Con arrachera,150,1,Pendiente
Entradas,Papas gratinadas,Con jamón,120,1,Pendiente
Entradas,Papas gratinadas,Con chistorra,150,1,Pendiente
Entradas,Puré de papa con chistorra al gratín,,160,1,Pendiente
Entradas,Fondue,Con camarón,190,1,Pendiente
Entradas,Fondue,Con chistorra,170,1,Pendiente
Entradas,Fondue,Con portobello,150,1,Pendiente
Entradas,Tabla de quesos,,320,1,images/tabla-quesos.webp
Entradas,Mollejas de ternera,,180,1,Pendiente
Entradas,Guacamole,,90,1,Pendiente
Entradas,Papas gajo,,80,1,Pendiente
Entradas,Papas a la francesa,,60,1,Pendiente
Tapas,Tapas,3 piezas,80,2,Pendiente
Tapas,Tapas,6 piezas,120,2,Pendiente
Tacos,Camarón al gratín,,150,2,Pendiente
Tacos,Fajitas de pollo al gratín,,100,2,Pendiente
Tacos,Arrachera gratinada,,150,2,Pendiente
Tacos,Carne asada,,150,2,Pendiente
Tacos,Chistorra,,140,2,Pendiente
Baguettes,Arrachera,,150,3,Pendiente
Baguettes,Pollo,,120,3,Pendiente
Baguettes,Chistorra,,140,3,Pendiente
Baguettes,Jamón serrano,,140,3,Pendiente
Hamburguesas,Clásica,,130,3,Pendiente
Hamburguesas,Uruapan Burguer,,160,3,Pendiente
Hamburguesas,Hamburguesa Neruda,,180,3,Pendiente
Pastas,El poder del ahora,,140,4,Pendiente
Pastas,Fetuccini Neruda,,180,4,Pendiente
Pastas,Spaguetti a la boloñesa,,145,4,Pendiente
Pastas,Frutti di mare,,240,4,Pendiente
Pastas,Pasta fusion,Con vacío,590,4,Pendiente
Pastas,Pasta fusion,Con Rib Eye,690,4,Pendiente
Pastas,Pasta fusion,Con arrachera,430,4,Pendiente
Ensaladas,Arrachera,,150,4,Pendiente
Ensaladas,Manzana y frutos rojos,,140,4,Pendiente
Ensaladas,Salmón (nuevo),,150,4,Pendiente
Ensaladas,Cesar con camarones,,150,4,Pendiente
Ensaladas,Pollo con jamón,,120,4,Pendiente
Parrilla Neruda,Salmón a la plancha,,320,5,images/salmon.webp
Parrilla Neruda,Pulpo al chimichurri,,Según peso,5,images/pulpo.webp
Parrilla Neruda,Rib Eye a la parrilla,,550,5,Pendiente
Parrilla Neruda,Arrachera a la parrilla,,350,5,Pendiente
Parrilla Neruda,Picaña a la parrilla,,400,5,Pendiente
Parrilla Neruda,Vacío a la parrilla,,450,5,Pendiente
Crepa salada,"Jamón, queso y espinaca",,90,6,Pendiente
Crepa salada,Champiñón y queso gouda,,105,6,Pendiente
Dulces,Cajeta,,85,6,Pendiente
Dulces,Nutella y Filadelphia,,85,6,Pendiente
Dulces,Frutos rojos,,85,6,Pendiente
Postres,Cheesecake,,90,6,Pendiente
Postres,Pan de nata,,80,6,Pendiente
Postres,Pastel de zanahoria,,90,6,Pendiente
Postres,Pan de elote con helado de vainilla,,120,6,Pendiente
Bebidas calientes,Americano,,45,7,Pendiente
Bebidas calientes,Espresso,,45,7,Pendiente
Bebidas calientes,Latte,,55,7,Pendiente
Bebidas calientes,Capuccino,,55,7,Pendiente
Bebidas calientes,Chocolate artesanal,,60,7,Pendiente
Especiales,Capuccino sabor,,60,7,Pendiente
Especiales,Capuccino especial,,75,7,Pendiente
Especiales,Irlandés,,80,7,Pendiente
Especiales,Té Chai,,75,7,Pendiente
Especiales,Té Chai + espresso,,75,7,Pendiente
Tés,Té,,35,7,Pendiente
Tés,Té frío,,35,7,Pendiente
Tés,Té frutos rojos natural (tisana),,60,7,Pendiente
Tés,Té frutos rojos natural frío (tisana),,60,7,Pendiente
Frappés,Clásicos,,75,8,Pendiente
Frappés,Especiales,,95,8,Pendiente
Frappés,Malteada,,60,8,Pendiente
Frappés,Escocés,,75,8,Pendiente
Frappés,Carajillo,,105,8,Pendiente
Frappés,Carajillo Baileys,,105,8,Pendiente
Frappés,Neruda,,105,8,Pendiente
Frappés,Niño dorado,,110,8,Pendiente
Cerveza,Negra Modelo,,60,9,Pendiente
Cerveza,Modelo Especial,,60,9,Pendiente
Cerveza,Victoria,,55,9,Pendiente
Cerveza,Artesanal importada,,120,9,Pendiente
Aguas,Limonada,Mineral,55,9,Pendiente
Aguas,Limonada,Natural,45,9,Pendiente
Aguas,Naranjada,Mineral,55,9,Pendiente
Aguas,Naranjada,Natural,45,9,Pendiente
Aguas,Limonada Pepino/Hie,Mineral,55,9,Pendiente
Aguas,Limonada Pepino/Hie,Natural,45,9,Pendiente
Aguas,Jarra de agua,Mineral,150,9,Pendiente
Aguas,Jarra de agua,Natural,150,9,Pendiente
Destilados,Old Parr 12,,130,9,Pendiente
Destilados,Macalan 12,,190,9,Pendiente
Destilados,Don Julio 70,,120,9,Pendiente
Destilados,Tanqueray,,100,9,Pendiente
Destilados,Licor 43,,90,9,Pendiente
Destilados,Glenlivet 12,,170,9,Pendiente
Destilados,Glenlivet,,150,9,Pendiente
Destilados,Mezcal,,120,9,Pendiente
Destilados,Maestro Dobel,,130,9,Pendiente
Destilados,Etiqueta negra,,130,9,Pendiente
Destilados,Sangrita,,50,9,Pendiente
Destilados,Torres 10,,100,9,Pendiente
Destilados,Buchanans 12,,130,9,Pendiente
Destilados,Black and white,,85,9,Pendiente
Destilados,Cuervo Especial,,120,9,Pendiente
Destilados,Baileys,,85,9,Pendiente
Destilados,Bacardi Blanco,,85,9,Pendiente
Destilados,Copa de vino tinto,,100,9,Pendiente
Destilados,Brandy,,130,9,Pendiente
Destilados,Etiqueta roja,,80,9,Pendiente
Destilados,Frangelico,,110,9,Pendiente
Destilados,Sambuca,,110,9,Pendiente
Destilados,Posh,,60,9,Pendiente
Destilados,Posh con trufa,,120,9,Pendiente
Coctelería,Copa de Clericot,,90,9,Pendiente
Coctelería,Jarra de Clericot,,230,9,Pendiente
Coctelería,Mojito,,90,9,Pendiente
Coctelería,Mojito por litro,,190,9,Pendiente
Coctelería,Hawaiano Azul,,85,9,Pendiente
Coctelería,Daiquiri,,100,9,Pendiente
Coctelería,Sex on the beach,,85,9,Pendiente
Coctelería,Tequila sunrise,,90,9,Pendiente
Coctelería,Cielo rojo,,105,9,Pendiente
Coctelería,Margarita,,85,9,Pendiente
Coctelería,Piña Colada,,85,9,Pendiente
Coctelería,Sangría,,85,9,Pendiente
Coctelería,Jarra Sangría,,260,9,Pendiente
Coctelería,Gin Tonic,,100,9,Pendiente
Coctelería,Mezcalina maracuyá,,105,9,Pendiente
Coctelería,Tinto de verano,,100,9,Pendiente
